{
  "ridge": {
    "mae": 14194.664564196559,
    "rmse": 101251.72453116777,
    "r2": 0.045896202508405315
  },
  "random_forest": {
    "mae": 9669.711977637458,
    "rmse": 83311.56674609671,
    "r2": 0.3540463296455414
  },
  "catboost": {
    "mae": 12667.51903502858,
    "rmse": 89940.45265907026,
    "r2": 0.24716308808774856
  }
}