{
  "ridge": {
    "mae": 14194.664564196559,
    "rmse": 101251.72453116777,
    "r2": 0.045896202508405315
  },
  "lightgbm_iter200_depth6": {
    "mae": 9705.76250307283,
    "rmse": 79832.8215208959,
    "r2": 0.4068647647258208
  },
  "lightgbm_iter300_depth8": {
    "mae": 9467.254267948823,
    "rmse": 78733.75299669684,
    "r2": 0.4230838807804689
  },
  "lightgbm_iter500_depth10": {
    "mae": 9242.282841256754,
    "rmse": 77990.94381657394,
    "r2": 0.43391829579640406
  }
}